{"cameraMode":{"drawMode":0,"name":"Shaded","section":"Shading Mode"},"sceneLighting":true,"audioPlay":false,"sceneViewState":{"m_AlwaysRefresh":false,"showFog":true,"showSkybox":true,"showFlares":true,"showImageEffects":true,"showParticleSystems":true,"showVisualEffectGraphs":true,"m_FxEnabled":true},"in2DMode":false,"pivot":{"x":-21.620466232299806,"y":11.616413116455079,"z":44.05535125732422},"rotation":{"x":0.4139706492424011,"y":0.017748840153217317,"z":-0.00807344913482666,"w":0.9100814461708069},"size":3.1463334560394289,"orthographic":false}