{"cameraMode":{"drawMode":0,"name":"Shaded","section":"Shading Mode"},"sceneLighting":true,"audioPlay":false,"sceneViewState":{"m_AlwaysRefresh":false,"showFog":true,"showSkybox":true,"showFlares":true,"showImageEffects":true,"showParticleSystems":true,"showVisualEffectGraphs":true,"m_FxEnabled":true},"in2DMode":false,"pivot":{"x":-10.000151634216309,"y":0.9701648950576782,"z":-4.768117904663086},"rotation":{"x":0.21048058569431306,"y":-0.05422495678067207,"z":0.011693788692355156,"w":0.9760237336158752},"size":6.582052230834961,"orthographic":false}